[{"path":"\/admin\/common\/bootstrap.sys.inc.php","checksum":"d56aa3751a3b88255376f3fcabe71451"},{"path":"\/admin\/common\/common.func.php","checksum":"19c919eda9cf1827333b197d433c835d"},{"path":"\/admin\/common\/template.func.php","checksum":"a0694978a988a6fff0ff69320ca98933"},{"path":"\/admin\/index.php","checksum":"9d48613766f3f344c215667af68d83f8"},{"path":"\/admin\/resource\/images\/nopic.jpg","checksum":"a94f081c7a7f8906fbefb86b66babbb2"},{"path":"\/admin\/source\/site\/entry.ctrl.php","checksum":"ef1f085b10bfe09e2c2c8a47108a3ec9"},{"path":"\/admin\/source\/user\/login.ctrl.php","checksum":"ba9058d43ac1260b1fe7450b73008027"},{"path":"\/admin\/source\/user\/login2.ctrl.php","checksum":"4662d2a7a1d869aaca5eb7665deb6382"},{"path":"\/admin\/source\/user\/logout.ctrl.php","checksum":"9680737dcac2307285acba195be7d18d"},{"path":"\/admin\/source\/utility\/__init.php","checksum":"221f9122c03c4212bed97e8e004202db"},{"path":"\/admin\/themes\/default\/common\/footer-base.html","checksum":"321ce2705a34828f9b5d993c100e8b2b"},{"path":"\/admin\/themes\/default\/common\/footer-cms.html","checksum":"62fa97e9bc35149414a517b614731d7d"},{"path":"\/admin\/themes\/default\/common\/footer-gw.html","checksum":"7be96e41f312738c4ade0d7037a159eb"},{"path":"\/admin\/themes\/default\/common\/footer.html","checksum":"acc3889ecf78a1f4923605214473fa49"},{"path":"\/admin\/themes\/default\/common\/header-base.html","checksum":"d33ef243d2715191dd23e7800bc8969d"},{"path":"\/admin\/themes\/default\/common\/header-cms.html","checksum":"084360f74c19aea0b78627144fe9a875"},{"path":"\/admin\/themes\/default\/common\/header-gw.html","checksum":"16532479b98b7fcf063772eec3e45635"},{"path":"\/admin\/themes\/default\/common\/header.html","checksum":"d10a741653c3d9ef8b362929542181bd"},{"path":"\/admin\/themes\/default\/common\/message.html","checksum":"0bdc44ca6eb4f30694e0dacac846ea94"},{"path":"\/admin\/themes\/default\/user\/login.html","checksum":"0e92ca78c736bede0dc04cdf5ff5c115"},{"path":"\/cert\/WxPay.Api.php","checksum":"72c63bb82797a10a6698222fcb93d29c"},{"path":"\/cert\/WxPay.Data.php","checksum":"1eaaf49a37d516ac477ac38c9257edbb"},{"path":"\/cert\/WxPay.Exception.php","checksum":"3c91aa9d135f12a089646fbaab157ee0"},{"path":"\/cert\/WxPay.Notify.php","checksum":"c6d58a5bc01c1b14ef2bb2c878da408f"},{"path":"\/example\/example_category.xls","checksum":"2a9e5ae93b83e18ba2d15befa190fb11"},{"path":"\/example\/example_goods4.xls","checksum":"c1803f510ad6d2a6baf61e7cc7a6c37f"},{"path":"\/example\/example_store2.xls","checksum":"77fbda2523fbe1b0da440fc07cd7c041"},{"path":"\/fengniao.php","checksum":"aa015643392dcf92771fa1c1e751017b"},{"path":"\/token_image\/2018\/05\/17\/1526548603_5afd487c31e86_237.png","checksum":"4ced1205f641515709bd8fb34298b06f"},{"path":"\/inc\/func\/core.php","checksum":"f9814cf776215f6d4eda5a83cf421ac1"},{"path":"\/inc\/mobile\/addfeedback.inc.php","checksum":"947209b1d1276f1ef17fc210e18a1b59"},{"path":"\/inc\/mobile\/addtomenu.inc.php","checksum":"319b5960fa6db47a7d9db90aa2ac1cf4"},{"path":"\/inc\/mobile\/addtoorder.inc.php","checksum":"51de59b5d3e67595d94a3418a95aefee"},{"path":"\/inc\/mobile\/admingoods.inc.php","checksum":"1af851fb0309a69cf3a34aceb045e0e2"},{"path":"\/inc\/mobile\/adminmoney.inc.php","checksum":"d31c8aa2db0e55a9685b087e1e92cb77"},{"path":"\/inc\/mobile\/adminorder.inc.php","checksum":"59bf4b202bdac138ebf9569cb972c2ef"},{"path":"\/inc\/mobile\/adminorderdetail.inc.php","checksum":"ecb68bea7bace933970baf480f686e39"},{"path":"\/inc\/mobile\/adminstore.inc.php","checksum":"73b2277dd95475994c41b80f3320ae37"},{"path":"\/inc\/mobile\/adscreen.inc.php","checksum":"18c4d0665759dfa90c6ca4e04f44ed52"},{"path":"\/inc\/mobile\/allfeedback.inc.php","checksum":"1425f8266aa03a80af06ccdb90dd6df9"},{"path":"\/inc\/mobile\/cancelorder.inc.php","checksum":"be437c8db6954412ff07145206319783"},{"path":"\/inc\/mobile\/cancelqueue.inc.php","checksum":"1164f647e1a42e2f2808844c0bd7a96b"},{"path":"\/inc\/mobile\/clearmenu.inc.php","checksum":"d0b6cafb4322edc4de8fd2fb6d11782a"},{"path":"\/inc\/mobile\/collection.inc.php","checksum":"792353b2f830dd985e7829e25656bd27"},{"path":"\/inc\/mobile\/commission_form.inc.php","checksum":"45a3ea30b9b25a1cca804e4ba6835c01"},{"path":"\/inc\/mobile\/coupon.inc.php","checksum":"10e70102ae6f37d379128fd6ba6a5b98"},{"path":"\/inc\/mobile\/couponlist.inc.php","checksum":"cfccbfd9b68110c844543cff2251c039"},{"path":"\/inc\/mobile\/deliveryorder.inc.php","checksum":"1e518720f687542eaffe0d93df5e06bf"},{"path":"\/inc\/mobile\/deliveryorderdetail.inc.php","checksum":"2decbc260063b6e5e27ccf2a118f4206"},{"path":"\/inc\/mobile\/detail.inc.php","checksum":"f7965ee070768770a9163679146ed946"},{"path":"\/inc\/mobile\/detailcontent.inc.php","checksum":"f8fabc6eed2acc08bcc46931e948b565"},{"path":"\/inc\/mobile\/feedback.inc.php","checksum":"a0abb25f1cff4802ddb0c57727a6e058"},{"path":"\/inc\/mobile\/getcoupon.inc.php","checksum":"328085f37c60a068a54f5d0d99089130"},{"path":"\/inc\/mobile\/getdishlist.inc.php","checksum":"1a4e1d1e7fe355b04c69f2e96f83349d"},{"path":"\/inc\/mobile\/getdishnumofcategory.inc.php","checksum":"aad36668ed984ec4f6a969fccd170dee"},{"path":"\/inc\/mobile\/getmoremember.inc.php","checksum":"fd51d3906581da792153b63fe7aa04e1"},{"path":"\/inc\/mobile\/getmorestore.inc.php","checksum":"e363686ad99dd93aec47c22bcc53159b"},{"path":"\/inc\/mobile\/index.inc.php","checksum":"ad49c82bce695e7077816e6882a2b3a1"},{"path":"\/inc\/mobile\/map.inc.php","checksum":"a4a0a05ab3a5ffe40f8d2235815adcfd"},{"path":"\/inc\/mobile\/mycoupon.inc.php","checksum":"8f28fc967d1c352e2a68b00d30265c10"},{"path":"\/inc\/mobile\/mymemberlist.inc.php","checksum":"6d416ded9da9ea53bfeec7bb8c23a6b1"},{"path":"\/inc\/mobile\/order.inc.php","checksum":"58e6fbe79ca4ab8eb76a6a1f1b9f477a"},{"path":"\/inc\/mobile\/orderdetail.inc.php","checksum":"bbd4593d0007b0af7b8f9ecdcabeb06c"},{"path":"\/inc\/mobile\/payform.inc.php","checksum":"c27f50c080bd0e5674ae59ed213b1c68"},{"path":"\/inc\/mobile\/queue.inc.php","checksum":"bcc4649990e74975d10d2c4b563b2375"},{"path":"\/inc\/mobile\/queueform.inc.php","checksum":"912375f42a4d37d5c7870a0a74338870"},{"path":"\/inc\/mobile\/recharge.inc.php","checksum":"e614c8ea071673ae8a3083579430a354"},{"path":"\/inc\/mobile\/refreshscreen.inc.php","checksum":"07df26ab13af7d9bbec0630c4a50d4f8"},{"path":"\/inc\/mobile\/removedishnumofcategory.inc.php","checksum":"f1e3dc42181521e0298e0f4c471f4a58"},{"path":"\/inc\/mobile\/reservationdetail.inc.php","checksum":"acae1a13f9e2411091e10333fabe9567"},{"path":"\/inc\/mobile\/reservationindex.inc.php","checksum":"5a9ddba82386e83f1508d62e5200d00a"},{"path":"\/inc\/mobile\/savewinedetail.inc.php","checksum":"1dfeeec31407a12c666909106149e27f"},{"path":"\/inc\/mobile\/savewineform.inc.php","checksum":"c09b4182c303e54bfe86a673db57944f"},{"path":"\/inc\/mobile\/savewinelist.inc.php","checksum":"ddd2a10ce3be54ef9aae34ed46b0de00"},{"path":"\/inc\/mobile\/screen.inc.php","checksum":"340b0e46a4b7f1b20e86ebcaa3e20591"},{"path":"\/inc\/mobile\/search.inc.php","checksum":"48360ddf2d538e518f6684ae9b6b5374"},{"path":"\/inc\/mobile\/selectcoupon.inc.php","checksum":"a229dcfee157aa59f44b0042dfd43a15"},{"path":"\/inc\/mobile\/sendoperatornotice.inc.php","checksum":"3d20f186ea13499ad2b4d8f0246c615c"},{"path":"\/inc\/mobile\/setadminorder.inc.php","checksum":"d18462aea0bd75b8201a9c2616e56ae0"},{"path":"\/inc\/mobile\/setcollection.inc.php","checksum":"f89de6984b60c10b8c601505f6b385da"},{"path":"\/inc\/mobile\/setdata.inc.php","checksum":"1d9df1c1fde0575bb3cef0709372ba8a"},{"path":"\/inc\/mobile\/setdeliveryorder.inc.php","checksum":"c75e3a19fbd46c9fd8906773b44cc2ab"},{"path":"\/inc\/mobile\/setqueue.inc.php","checksum":"52cff0856f1824365a7d288dcc099518"},{"path":"\/inc\/mobile\/setsavewine.inc.php","checksum":"fa6608a7bc830f2ce7be2aa030128bcd"},{"path":"\/inc\/mobile\/updatedishnumofcategory.inc.php","checksum":"b62ec47af014c79c88584f87977fff0f"},{"path":"\/inc\/mobile\/updatefansposition.inc.php","checksum":"58356c3932fb513e8a40177b117e8d43"},{"path":"\/inc\/mobile\/updateuserpoint.inc.php","checksum":"bb95a8615acfaf3f50c2496804f22e2c"},{"path":"\/inc\/mobile\/usercenter.inc.php","checksum":"f8e9aad654d53f3cc3ec5437c3cbf144"},{"path":"\/inc\/mobile\/waplist.inc.php","checksum":"fd78de90c7760697448edebd6792157b"},{"path":"\/inc\/mobile\/wapmenu.inc.php","checksum":"b1392773a29f84a5574ce371fc65139d"},{"path":"\/inc\/mobile\/waprestlist.inc.php","checksum":"b9e28bf74e935bd31da72b49e38b1e79"},{"path":"\/inc\/mobile\/wapselect.inc.php","checksum":"b97c52b353062952c32dca785e952d39"},{"path":"\/inc\/mobile\/wapselectlist.inc.php","checksum":"7d7ddf0cf0aaf38aa3bb897bc4cabfac"},{"path":"\/inc\/web\/account.inc.php","checksum":"2bd3c676f6d2731ca8f6c26b6f0252ef"},{"path":"\/inc\/web\/ad.inc.php","checksum":"f157e7520b66d76188d01cd261d8d59c"},{"path":"\/inc\/web\/addtoorder.inc.php","checksum":"31a6ad4524c2e8af08e890d31e8ff2f1"},{"path":"\/inc\/web\/allfans.inc.php","checksum":"3e4c20ee1afe2974ac1f79355a7fa430"},{"path":"\/inc\/web\/allorder.inc.php","checksum":"f1e3e413414e2e295d45e0a2cd0929d4"},{"path":"\/inc\/web\/area.inc.php","checksum":"37f093d7497143c2448c01c50397791e"},{"path":"\/inc\/web\/business.inc.php","checksum":"8593600ef7d7e7188836019855902c88"},{"path":"\/inc\/web\/businesscenter.inc.php","checksum":"4676eec383630ca27c84607e754f14eb"},{"path":"\/inc\/web\/businesssetting.inc.php","checksum":"897c87b9442ba15125f09fc03868aa4e"},{"path":"\/inc\/web\/cash.inc.php","checksum":"92658478da1ff6f48c43cfd2e2a3492c"},{"path":"\/inc\/web\/cashlog.inc.php","checksum":"5bff787207c3e4a9a837937d394c3d57"},{"path":"\/inc\/web\/category.inc.php","checksum":"741be39d4e3270b8026215583d78ce52"},{"path":"\/inc\/web\/commission.inc.php","checksum":"8750e6c890c1d0509ac0fc3ce33ec3d1"},{"path":"\/inc\/web\/coreuser.inc.php","checksum":"3954942334a46bb3680cd236fd4b5bce"},{"path":"\/inc\/web\/coupon.inc.php","checksum":"ff47530b659b8c336d7d9d5c56d31caf"},{"path":"\/inc\/web\/cover.inc.php","checksum":"d560c9847a65271e125cc30a43dc29dc"},{"path":"\/inc\/web\/creditsetting.inc.php","checksum":"7aa988ca1e8e025918109235c2c4efce"},{"path":"\/inc\/web\/delivery.inc.php","checksum":"a4f537fa03f891b26d3a542b57919c18"},{"path":"\/inc\/web\/deliveryarea.inc.php","checksum":"8e7d0f706a51c36e7bfd54146eefea02"},{"path":"\/inc\/web\/dispatcharea.inc.php","checksum":"00b925c17b21e7387d9d17598119ea12"},{"path":"\/inc\/web\/fans.inc.php","checksum":"f7b64e0b7e5765be2a47a83ee7aa1541"},{"path":"\/inc\/web\/feedback.inc.php","checksum":"b88040e3df9ff56c50bf0005f5950904"},{"path":"\/inc\/web\/goods.inc.php","checksum":"c70c7c6cebfe0a7229f5b7317fcef632"},{"path":"\/inc\/web\/goodssalemx.inc.php","checksum":"3c35c4330ee39487d8b077ea1e96de08"},{"path":"\/inc\/web\/goodssaleph.inc.php","checksum":"0e189de39b68a070dcba15ce81973bca"},{"path":"\/inc\/web\/intelligent.inc.php","checksum":"c1e3672fb3ca671fcbc01e9f0b8f22f2"},{"path":"\/inc\/web\/memberaddqs.inc.php","checksum":"0a1cd713b9a44021fceb210b57b416de"},{"path":"\/inc\/web\/memberpayph.inc.php","checksum":"aa3c1c7061baeb764a7154ed78a421a3"},{"path":"\/inc\/web\/newpassword.inc.php","checksum":"52f6247c2b80fd7970e4a197ebfb96ab"},{"path":"\/inc\/web\/notice.inc.php","checksum":"3c0b2ef64bc4df79e443ee6b911c2258"},{"path":"\/inc\/web\/order.inc.php","checksum":"fac06716b9193f75cde3f8605292a93c"},{"path":"\/inc\/web\/printlabel.inc.php","checksum":"6859e038634919dc156b2ecbbd457181"},{"path":"\/inc\/web\/printorder.inc.php","checksum":"991cdf7baf5d4f0a1103eb7ea8f4bf68"},{"path":"\/inc\/web\/printsetting.inc.php","checksum":"d2d19baaa205c227889595d5975e32e4"},{"path":"\/inc\/web\/queueorder.inc.php","checksum":"8892f9d3a30a1d5d5e45c8783f596ac7"},{"path":"\/inc\/web\/queuesetting.inc.php","checksum":"b871ee24b129da830d79b0c4c5d5b9e3"},{"path":"\/inc\/web\/recharge.inc.php","checksum":"97c046aec6f9ac3dd83f96cd0ca5bfeb"},{"path":"\/inc\/web\/reservation.inc.php","checksum":"811b4c058bede928f5e5099ac2d73e46"},{"path":"\/inc\/web\/saletj.inc.php","checksum":"5ab14ac5cb1cd130ec6198467eb21072"},{"path":"\/inc\/web\/savewine.inc.php","checksum":"3bcec889a28d3e41807492610100857c"},{"path":"\/inc\/web\/servicelog.inc.php","checksum":"1847c77ac155399609fde156ad83397a"},{"path":"\/inc\/web\/setting.inc.php","checksum":"1d7cba435f9e5ceba460537660d8ef93"},{"path":"\/inc\/web\/sncodelist.inc.php","checksum":"d7b101cf4c1838ab8b5e865ce826867e"},{"path":"\/inc\/web\/start.inc.php","checksum":"fb81b896e1d33792bea63ee587564cb3"},{"path":"\/inc\/web\/stores.inc.php","checksum":"6a1bb61e87ab30f26577c00132880091"},{"path":"\/inc\/web\/stores2.inc.php","checksum":"5eae92fa4f4f2b0c0e2997e1f6f730e2"},{"path":"\/inc\/web\/style.inc.php","checksum":"78ee9247f6475ff4efed315b8b576027"},{"path":"\/inc\/web\/tables.inc.php","checksum":"492eb6addb4e6f09c6f6b943fcf5c583"},{"path":"\/inc\/web\/tablezones.inc.php","checksum":"1c631df5f88533dc29d34a92ec2ad3d3"},{"path":"\/inc\/web\/template.inc.php","checksum":"f11f8500f1c38750c69b366c063fb955"},{"path":"\/inc\/web\/tpllog.inc.php","checksum":"d6b52814c2f96c99344805cd87340469"},{"path":"\/inc\/web\/type.inc.php","checksum":"9094202a9acc5d64c6dc6c9cb2058072"},{"path":"\/install.php","checksum":"1f176955004545bbf3ae1d070d8cd7ba"},{"path":"\/model.php","checksum":"28ab64176dad1085a8eca213c0138c2a"},{"path":"\/module.php","checksum":"a8dbbd94b02ee726c41f321647171b1b"},{"path":"\/plugin\/alidayu\/Autoloader.php","checksum":"3308bd7f3ebbb9e3225f8d6e49662b0a"},{"path":"\/plugin\/alidayu\/TopSdk.php","checksum":"e997d7cc9628ffabb2739e8cc6d33265"},{"path":"\/plugin\/alidayu\/aliyun\/AliyunClient.php","checksum":"44b9a9f72ea112b8ef1e5488b1843eb7"},{"path":"\/plugin\/alidayu\/top\/ApplicationVar.php","checksum":"50afa5e286f87cfb9800ca854edf5bed"},{"path":"\/plugin\/alidayu\/top\/ClusterTopClient.php","checksum":"b9620e0862ffc6701e31104744bc33ef"},{"path":"\/plugin\/alidayu\/top\/HttpdnsGetRequest.php","checksum":"c0e186323207adf94778abb3ab4c2064"},{"path":"\/plugin\/alidayu\/top\/RequestCheckUtil.php","checksum":"244a44be7ee13601ace308095401a733"},{"path":"\/plugin\/alidayu\/top\/ResultSet.php","checksum":"e34f95a7a1bb4b7c4a4b645ec658a0c2"},{"path":"\/plugin\/alidayu\/top\/SpiUtils.php","checksum":"216a7e621bb9bd45c75dc429d6a3f32f"},{"path":"\/plugin\/alidayu\/top\/TopClient.php","checksum":"e37e9e8ce139c8cfa17ed2e2899d0d82"},{"path":"\/plugin\/alidayu\/top\/TopLogger.php","checksum":"bbbce0468c63e8d37b97e715e4ff1874"},{"path":"\/plugin\/alidayu\/top\/domain\/Area.php","checksum":"13f9457d3330ca109d620e66cc3d151e"},{"path":"\/plugin\/alidayu\/top\/domain\/BizResult.php","checksum":"a31af6a3cb53b57db8f0e95c985c4d26"},{"path":"\/plugin\/alidayu\/top\/domain\/FcPartnerSmsDetailDto.php","checksum":"98b292c8fa73314966114ff96ea2b6bf"},{"path":"\/plugin\/alidayu\/top\/domain\/KfcSearchResult.php","checksum":"dba6d87ee725cfe75c4a1628ff77bf67"},{"path":"\/plugin\/alidayu\/top\/domain\/Result.php","checksum":"2c47795040483ee28cf55cf6a47cc89f"},{"path":"\/plugin\/alidayu\/top\/domain\/Subtask.php","checksum":"42b579063e306c54d0099dbbc4d9cb63"},{"path":"\/plugin\/alidayu\/top\/domain\/Task.php","checksum":"b0939828150b50661c128916216b5635"},{"path":"\/plugin\/alidayu\/top\/request\/AlibabaAliqinFcFlowChargeProvinceRequest.php","checksum":"d4a941512a4d832e2185558ae9d561dd"},{"path":"\/plugin\/alidayu\/top\/request\/AlibabaAliqinFcFlowChargeRequest.php","checksum":"e9391ad1f102e0561170c72be09c1c37"},{"path":"\/plugin\/alidayu\/top\/request\/AlibabaAliqinFcFlowGradeRequest.php","checksum":"81d58ca7390d67f4bbee46b9f6e246b7"},{"path":"\/plugin\/alidayu\/top\/request\/AlibabaAliqinFcFlowQueryRequest.php","checksum":"11a2aec663ca5178c3cee12402bd8c15"},{"path":"\/plugin\/alidayu\/top\/request\/AlibabaAliqinFcSmsNumQueryRequest.php","checksum":"a7e01155027bea90bc18553f0b619c9e"},{"path":"\/plugin\/alidayu\/top\/request\/AlibabaAliqinFcSmsNumSendRequest.php","checksum":"eb457d48eff75e9a5be6801074878143"},{"path":"\/plugin\/alidayu\/top\/request\/AlibabaAliqinFcTtsNumSinglecallRequest.php","checksum":"9cb277f08a983f0a7dba2a176dc004f5"},{"path":"\/plugin\/alidayu\/top\/request\/AlibabaAliqinFcVoiceNumDoublecallRequest.php","checksum":"e6c785c553c0ec6ae616d3c965f74dce"},{"path":"\/plugin\/alidayu\/top\/request\/AlibabaAliqinFcVoiceNumSinglecallRequest.php","checksum":"54612c3f1f21ca81afe1bcf52da1a74c"},{"path":"\/plugin\/alidayu\/top\/request\/AppipGetRequest.php","checksum":"7fcd883348b0ddd4f888c59519682b93"},{"path":"\/plugin\/alidayu\/top\/request\/AreasGetRequest.php","checksum":"789e0ba781f681bcc4258867b6135905"},{"path":"\/plugin\/alidayu\/top\/request\/HttpdnsGetRequest.php","checksum":"ffbeb7f1ab1bda592e43eb7bc6752226"},{"path":"\/plugin\/alidayu\/top\/request\/KfcKeywordSearchRequest.php","checksum":"2c932fc55b3a3bf0b4caef5acbba4aee"},{"path":"\/plugin\/alidayu\/top\/request\/TimeGetRequest.php","checksum":"a37722cb88deb2f97e417466ff4cfc2b"},{"path":"\/plugin\/alidayu\/top\/request\/TopAuthTokenCreateRequest.php","checksum":"51eba81d9a928fbe31f221e4e7be49e5"},{"path":"\/plugin\/alidayu\/top\/request\/TopAuthTokenRefreshRequest.php","checksum":"a24aa2f916ec71b9d26a836340f58c62"},{"path":"\/plugin\/alidayu\/top\/request\/TopIpoutGetRequest.php","checksum":"ed6837767a3ee04d5068882a87801840"},{"path":"\/plugin\/alidayu\/top\/request\/TopatsResultGetRequest.php","checksum":"b8cfaaab8a61b5f8530c48b294f314d7"},{"path":"\/plugin\/alidayu\/top\/request\/TopatsTaskDeleteRequest.php","checksum":"0012445395ce83c27c35af20d8558c27"},{"path":"\/plugin\/clockpicker\/clockpicker.css","checksum":"861dbc7883532a7b2098d534db59f2cf"},{"path":"\/plugin\/clockpicker\/clockpicker.js","checksum":"b7741c1e3830d168e43a82c315eef568"},{"path":"\/plugin\/clockpicker\/standalone.css","checksum":"ae62f3d466688be64616e85e7885509d"},{"path":"\/plugin\/feyin\/FeyinAPI.php","checksum":"a58fab8aeb01c658e37ad95bbc63fe9d"},{"path":"\/plugin\/feyin\/HttpClient.class.php","checksum":"a76d00eacf8f07be342b41df83f0f062"},{"path":"\/plugin\/gritter\/images\/gritter-light.png","checksum":"e78d3fcf0bf309416d930a40c74ee500"},{"path":"\/plugin\/gritter\/images\/gritter.png","checksum":"e6bf207bb4ab9d76d812353b9684e34e"},{"path":"\/plugin\/gritter\/images\/ie-spacer.gif","checksum":"df3e567d6f16d040326c7a0ea29a4f41"},{"path":"\/plugin\/gritter\/jquery.gritter.css","checksum":"a119207c61dc56c06d21f85d5a4598dd"},{"path":"\/plugin\/gritter\/jquery.gritter.min.js","checksum":"a4cf016eab71d5d71a162820bd751bf2"},{"path":"\/plugin\/gritter\/jquery.min.js","checksum":"f9c7afd05729f10f55b689f36bb20172"},{"path":"\/plugin\/onepage-scroll\/jquery.onepage-scroll.min.js","checksum":"eb08b3e771808556377c2925bceeb107"},{"path":"\/plugin\/onepage-scroll\/onepage-scroll.css","checksum":"837416e6401c0a57e579c19b494549df"},{"path":"\/plugin\/phpexcelreader\/oleread.inc","checksum":"a7d919a8a79b1978ac4bb0144c188a06"},{"path":"\/plugin\/phpexcelreader\/reader.php","checksum":"bc2f9b1df06ec4edeaf97e7be1368759"},{"path":"\/plugin\/ylprint.class.php","checksum":"86112bf06e6dba8a943f90416466bbb8"},{"path":"\/processor.php","checksum":"c5ecbf46377bc2b0cd31a2250b798cb2"},{"path":"\/public\/web\/css\/awesome-bootstrap-checkbox.css","checksum":"545ccf313793f6389ddbc8f5c083b661"},{"path":"\/public\/web\/css\/back.css","checksum":"8651d7bc8d41ee09ccd91676afed30da"},{"path":"\/public\/web\/css\/bootstrap-rtl.css","checksum":"e35bfb50c31eaa293ee5ab8ddc63a0f8"},{"path":"\/public\/web\/css\/font-awesome.css","checksum":"8e12157da5fc90094ae4113ba110456b"},{"path":"\/public\/web\/css\/font-awesome.min.css","checksum":"0831cba6a670e405168b84aa20798347"},{"path":"\/public\/web\/css\/font-awesome.min93e3.css","checksum":"55cba8a8807a468afe0d82b62316ecfc"},{"path":"\/public\/web\/css\/main.css","checksum":"0d1e5d730d7e6acbfcc2ff02c6f246ca"},{"path":"\/public\/web\/css\/standalone.css","checksum":"ae62f3d466688be64616e85e7885509d"},{"path":"\/public\/web\/css\/style.css","checksum":"e284e15ba177d17b85ec5103ab0da48b"},{"path":"\/public\/web\/css\/webuploader.css","checksum":"ee356ead0a1ecdf97803da652e9ef075"},{"path":"\/public\/web\/js\/bootstrap.min.js","checksum":"26412a9ee704fb23bb3d8cf69b353c29"},{"path":"\/public\/web\/js\/clockpicker.js","checksum":"b7741c1e3830d168e43a82c315eef568"},{"path":"\/public\/web\/js\/echarts-all.js","checksum":"25da5cf0c6d6775df02a958162a5cac7"},{"path":"\/public\/web\/js\/echarts.common.js","checksum":"661d79784fc0bc9d93fde77311593949"},{"path":"\/public\/web\/js\/jquery.easypiechart.js","checksum":"70824a0e545011c32563c03f0761b70b"},{"path":"\/public\/web\/js\/jquery.flot.js","checksum":"99aa04e94d26a81c8723d314d96421f7"},{"path":"\/public\/web\/js\/jquery.min.js","checksum":"f9c7afd05729f10f55b689f36bb20172"},{"path":"\/public\/web\/js\/timeCountDown.js","checksum":"2ce4c6fd05254917d5943a2c178d905f"},{"path":"\/public\/web\/js\/webuploader.js","checksum":"bf448310ed783f8c2bc0474e5cc9825b"},{"path":"\/public\/web\/js\/wlzyEditForm.js","checksum":"ba032655c240119c4c2ebd970151698c"},{"path":"\/public\/web\/js\/wlzyList.js","checksum":"7085809d887555f4e1d0531eeafc93e4"},{"path":"\/public\/web\/recipe\/1.jpg","checksum":"7f2bb387d2c25c95562185f15626aac7"},{"path":"\/public\/web\/recipe\/2.jpg","checksum":"077dcd581f06fdbfe5aa88d2eb9c3f53"},{"path":"\/public\/web\/recipe\/3.jpg","checksum":"edf44d7c399b51ff9a0f5378834dd36d"},{"path":"\/public\/web\/recipe\/4.jpg","checksum":"4f38f32ef867e02b796539ba41bf84ed"},{"path":"\/public\/web\/recipe\/5.jpg","checksum":"1de6bddc428c0d31c4e703273a5dbb27"},{"path":"\/public\/web\/recipe\/6.jpg","checksum":"b6bc551ac51468f7a1071859dccba4da"},{"path":"\/public\/web\/recipe\/7.jpg","checksum":"649797d724880386594be217c512bf28"},{"path":"\/public\/web\/recipe\/like.png","checksum":"9e21fd142fbba6aba1cfdb4b160a7f8f"},{"path":"\/public\/web\/recipe\/liked.png","checksum":"f7f58b9ca9b486f912464ea89e5b953e"},{"path":"\/public\/web\/recipe\/wc.jpg","checksum":"261efa9ee77cadbcabc34ab00e20052b"},{"path":"\/public\/web\/recipe\/wjc.jpg","checksum":"6e6615eb554ad57d2df6bc8caf1434ae"},{"path":"\/public\/web\/recipe\/wwc.jpg","checksum":"f5d7f0d9bec5076089c91eee0addaf79"},{"path":"\/public\/web\/recipe\/zc.jpg","checksum":"eb4b636c0bcfdf662aef6fcfb840d8fd"},{"path":"\/public\/web\/recipe\/zjc.jpg","checksum":"17ac35090d0ff3d8302f1bc86f1e4aac"},{"path":"\/site.php","checksum":"25ec97eeb990119b43764ff0291ca636"},{"path":"\/template\/common\/header.html","checksum":"dc8e6ed2746b7d49764d81ad3e1211e1"},{"path":"\/template\/css\/1\/wei_canyin_v1.8.4.css","checksum":"f695bc5d49edb1e4fb447b010fa05ca8"},{"path":"\/template\/css\/1\/wei_canyin_v1.8.4_xg.css","checksum":"1b21334f796d40261dfb1119e5bb9166"},{"path":"\/template\/css\/1\/wei_dialog_v1.2.1.css","checksum":"f5ea00842a5e08bc16a32859249aa6a5"},{"path":"\/template\/css\/2\/common.css","checksum":"d4c6b6ed19c3212be6b5378082cf89c9"},{"path":"\/template\/css\/2\/font-awesome.css","checksum":"9c46ced4ae63bde2c523d8268caab1f5"},{"path":"\/template\/css\/2\/home-33.css","checksum":"2f21c3c3d7c3025bc7fe4b8d31e6a4e3"},{"path":"\/template\/css\/2\/main.css","checksum":"2ec7386c79596bb63c300f02568925a3"},{"path":"\/template\/css\/2\/mobiscroll.custom-2.6.2.min.css","checksum":"c01eb49033599074896a6b078164331b"},{"path":"\/template\/css\/2\/reset.css","checksum":"19888eb949d2490623a7a9a39dd3a9bd"},{"path":"\/template\/css\/common.css","checksum":"d667db0381eded80131b2d4e7498028c"},{"path":"\/template\/css\/main.css","checksum":"8cfac9fe0f4f1ced1e0983ab64f0f058"},{"path":"\/template\/images\/arrow.png","checksum":"fedbc68e7fd38974f91e3c59bc0fb510"},{"path":"\/template\/images\/bg_body.jpg","checksum":"e2a93dbbf79d076af43e4dafa1e9cd26"},{"path":"\/template\/images\/btn1.png","checksum":"f1e8a4cf2380289cdf2cfee7f32a955c"},{"path":"\/template\/images\/btn3.png","checksum":"7b65e24cbdefbd5eebecc11374167d2e"},{"path":"\/template\/images\/cart.png","checksum":"dcf22e9b3c6fc6c76660674e5e17cf5c"},{"path":"\/template\/images\/choosen.png","checksum":"86c14ddcf96dfb8acdeb9680654282a1"},{"path":"\/template\/images\/coupon.jpg","checksum":"0605d729dc2b952e135613c4b203ad96"},{"path":"\/template\/images\/emptyit.png","checksum":"920730b8c09354bad71849d4b6d6a4d4"},{"path":"\/template\/images\/error.png","checksum":"27ed63e9fc6b35106453d18a38ee95ef"},{"path":"\/template\/images\/gw.png","checksum":"8d7fe34b79a2de922c36edc2d0736350"},{"path":"\/template\/images\/home.png","checksum":"f9f4bb96e6388b093a659277244609b1"},{"path":"\/template\/images\/icon-custom.jpg","checksum":"caeb05d46c7f5018270542e0cb06cf4a"},{"path":"\/template\/images\/icon12.png","checksum":"582ff82ce94e5aa8daf01842ac33503e"},{"path":"\/template\/images\/icon3.png","checksum":"5a6871b979a1c54bd672452734a88a4a"},{"path":"\/template\/images\/kf.gif","checksum":"c3b45a8d0210158661b86a023d5bcdac"},{"path":"\/template\/images\/kf.png","checksum":"f31b749c1c41fe453fe3746166a913f4"},{"path":"\/template\/images\/linebg.png","checksum":"94e524f7f52a80610092c3fe3e7797d8"},{"path":"\/template\/images\/loading.gif","checksum":"0e6e0f46d7504242302bc8055ad9c8c2"},{"path":"\/template\/images\/loc.png","checksum":"dc7bc942cab0d776ccfe8ab59bfefce0"},{"path":"\/template\/images\/loc2.png","checksum":"7add72e24a9008ccd85e049873c19fae"},{"path":"\/template\/images\/logo.png","checksum":"b84ab212f2c507327fb67a8108ef19c9"},{"path":"\/template\/images\/mdlg_btn_x.png","checksum":"e69ac9898d92398d72543bc2b351e324"},{"path":"\/template\/images\/mdlg_icon_succ.png","checksum":"6ffe481844e17a56d808d9a475e50f6f"},{"path":"\/template\/images\/menu.png","checksum":"751b5a6a14ddb25d8057217097794d6f"},{"path":"\/template\/images\/mntc_icon_succ.png","checksum":"ef07ce796dfb1bfd670938a60d696f0d"},{"path":"\/template\/images\/newbtn.png","checksum":"663e0bc7a7982eb6326783cb3a8bccae"},{"path":"\/template\/images\/order.png","checksum":"400ba2f88438193a4cfbdc64a3edaa58"},{"path":"\/template\/images\/pagecount_bottom_bk.jpg","checksum":"87d18a1b50eadea47fe175d742fec4b1"},{"path":"\/template\/images\/pagecount_main_arrow_l.png","checksum":"bf931ab435abed6a3f4b608f988ac52c"},{"path":"\/template\/images\/pagecount_main_arrow_r.png","checksum":"7d31bf60f44a0646e78b6b5580ea6f9c"},{"path":"\/template\/images\/pagecount_main_bk.jpg","checksum":"321cbda9120db7c63bcfe72b167d491e"},{"path":"\/template\/images\/pic_top.png","checksum":"d3d41d3aef179ef53701574ae15450f2"},{"path":"\/template\/images\/plugmenu11.png","checksum":"ab9b911bca9240c823edb1ccf9c471d9"},{"path":"\/template\/images\/plugmenu2.png","checksum":"c6cfaa61daa49bebbb7f93f7414edc64"},{"path":"\/template\/images\/plugmenu5.png","checksum":"1c3b5c816c3616d59c6e2a4c992cc51f"},{"path":"\/template\/images\/plugmenu6.png","checksum":"e789b8b20e8695ec535c8c52e0df9161"},{"path":"\/template\/images\/png.png","checksum":"400ba2f88438193a4cfbdc64a3edaa58"},{"path":"\/template\/images\/pop.png","checksum":"909db8a517eb4fdf7a053b9a9b379af8"},{"path":"\/template\/images\/popular.png","checksum":"88b8d7aa20d477fcbb569afd80cfc2a4"},{"path":"\/template\/images\/popup_ads_ico.png","checksum":"e21488493ea2e5d7fd831d345c2b7b73"},{"path":"\/template\/images\/print_bg.png","checksum":"9f56689f568c46407d5ef43f80a7b01e"},{"path":"\/template\/images\/print_bottom.png","checksum":"3ca24b46cc28435b9f79b356c18271ed"},{"path":"\/template\/images\/print_top.png","checksum":"fea52afcb5f2b05045e79d4098604adc"},{"path":"\/template\/images\/restlist.png","checksum":"f31d8f5d11fc6727fde9c11ec37a0edc"},{"path":"\/template\/images\/share.png","checksum":"9862f0bd463db0419ca01097bae8e4d1"},{"path":"\/template\/images\/sharePage.png","checksum":"00e0223437ead35eaab8d800cc2aae3c"},{"path":"\/template\/images\/shop_logo.png","checksum":"0ef01f911da3378a9cd5598e20e57377"},{"path":"\/template\/images\/store.png","checksum":"f31d8f5d11fc6727fde9c11ec37a0edc"},{"path":"\/template\/images\/tel.png","checksum":"1b2e34bfa239c861e164c8d26a91e79f"},{"path":"\/template\/images\/topsch_bk1.png","checksum":"3c4a49e155cfcc4680795f11785728f2"},{"path":"\/template\/images\/topsch_bk2.png","checksum":"d68ff8cac3b1101ff4acc4c26c2eb0d1"},{"path":"\/template\/images\/topsch_bk3.png","checksum":"a25beb8addebb8ccad7d624a0aced393"},{"path":"\/template\/images\/typebtn1.png","checksum":"93446bda6a330ff693e25e7c3fe4e96a"},{"path":"\/template\/images\/typebtn1a.png","checksum":"1c8f3844d4cea8c14c4f2893bbb198ae"},{"path":"\/template\/images\/typebtn2.png","checksum":"b3baff2777aea3d8bd8f05e139dd76c7"},{"path":"\/template\/images\/typebtn2a.png","checksum":"c446ce0eb74935618b0b0c69d08a14fd"},{"path":"\/template\/images\/unchoosen.png","checksum":"b435cbbe3634e2f56a35077efddfb30c"},{"path":"\/template\/js\/1\/MTouchSlider_v1.8.0.js","checksum":"6b4974f9156e1e8d5a8bb7dd430ce78d"},{"path":"\/template\/js\/1\/wei_dialog_v1.9.9.js","checksum":"83d82d2a5141098e6f70bf34cbeff88b"},{"path":"\/template\/js\/1\/wei_industry_common_v1.3.0.js","checksum":"d5f85f7afcbc1bd3108a4727045f9cf6"},{"path":"\/template\/js\/1\/wei_webapp_v2_common_v1.9.4.js","checksum":"9d9b9b669bd4b54f23a8a29239a8ad5d"},{"path":"\/template\/js\/2\/jQuery.js","checksum":"7982d41d6500a4260d1f4d327b538d89"},{"path":"\/template\/js\/2\/maivl.js","checksum":"757a663da3b6f47f5230b6385a75e354"},{"path":"\/template\/js\/2\/mobiscroll.custom-2.6.2.min.js","checksum":"7c889e700c99e1f3cc4d4eaa26d93fcc"},{"path":"\/template\/js\/category.js","checksum":"487bf4d12a98cace01b2539a64167456"},{"path":"\/template\/js\/fastclick.js","checksum":"8771c057c8b2193fa5cd05f68dc2d447"},{"path":"\/template\/js\/global.js","checksum":"b4b5259f12218a74ab24007105eda157"},{"path":"\/template\/js\/jquery-sortable.js","checksum":"c20c1ce992e83ea5e67b0f80a5e57b01"},{"path":"\/template\/js\/jquery.lazyload.min.js","checksum":"bcf2590d20350e1db9c64f4855e90398"},{"path":"\/template\/js\/postion.js","checksum":"cae951ac6691a0a061e75b39b7f25b3b"},{"path":"\/template\/js\/postion_detail.js","checksum":"3f6c3d670ae93e07b858a54cebe8f037"},{"path":"\/template\/js\/postion_shop.js","checksum":"c6837980d2882f49be36fa6fe3397853"},{"path":"\/template\/js\/region_select.js","checksum":"b50e90150397bc60c1edd15e113c9733"},{"path":"\/template\/mobile\/_common.html","checksum":"e7ccd47ba72ba69e14a5ee50aeb89ed5"},{"path":"\/template\/mobile\/pay.html","checksum":"3f63c9fcbdc02eb4df1efd599a71c9d8"},{"path":"\/template\/mobile\/paycenter.html","checksum":"90cfe01b5533c3dffa07bf7b3d829ded"},{"path":"\/template\/mobile\/paycenter_1.5.1.html","checksum":"d5bee6bce4ec81f351ad330bffc80143"},{"path":"\/template\/mobile\/paycenter_v8.html","checksum":"89e4559007e3b5eb92955cb7d766d17d"},{"path":"\/template\/mobile\/paycenter_v8_2.html","checksum":"e772ed174fbb14adb907c07a1ec5bb14"},{"path":"\/template\/mobile\/queue_screen\/js.js","checksum":"cb312dc8e52fb4b32add4343a12f3e72"},{"path":"\/template\/mobile\/queue_screen\/reset.css","checksum":"b3ccac3e0fcabd9d7abcbd1fc02c76d0"},{"path":"\/template\/mobile\/queue_screen\/style.css","checksum":"96aeedfbfcbd41ba466093d426d27a43"},{"path":"\/template\/mobile\/queue_screen.html","checksum":"a8726cf15fea316c1258acdacedd88c8"},{"path":"\/template\/mobile\/s404.html","checksum":"6281d33a9a423dbab12710d108e13480"},{"path":"\/template\/mobile\/style1\/_nave.html","checksum":"25f7cd613b492771d5a150f38bcdd3ec"},{"path":"\/template\/mobile\/style1\/_pop.html","checksum":"8f46c7d9a12d2cc01bcd30d89fb6eb8a"},{"path":"\/template\/mobile\/style1\/_statistics.html","checksum":"fb4ef4a725dc98be36728c2a1e86738a"},{"path":"\/template\/mobile\/style1\/address.html","checksum":"991722f89d466fa41fc7fe87fa6a9b77"},{"path":"\/template\/mobile\/style1\/admin_order.html","checksum":"1348907d5aa6e359232a13e40a65187c"},{"path":"\/template\/mobile\/style1\/admin_orderdetail.html","checksum":"3a53ecec1378f9a1213055eccf02417f"},{"path":"\/template\/mobile\/style1\/admingoods.html","checksum":"3568f81543baaf5dca59ebedaa6cbe9a"},{"path":"\/template\/mobile\/style1\/adminmoney.html","checksum":"b3c93f76b762b44b283a6e4cf858cf66"},{"path":"\/template\/mobile\/style1\/adminstore.html","checksum":"e467813554348f907eb8b9a1dd02408b"},{"path":"\/template\/mobile\/style1\/adscreen.html","checksum":"22856b5ad282ad8ebc6bb46e77cf71ef"},{"path":"\/template\/mobile\/style1\/allfeedback.html","checksum":"b4e28e5bcfe3643ae7b3743e5b1eb78f"},{"path":"\/template\/mobile\/style1\/assets\/diandanbao\/coupon-green.png","checksum":"05d0aa7241b9dd1229303af90dfd814d"},{"path":"\/template\/mobile\/style1\/assets\/diandanbao\/coupon-juchi-green.png","checksum":"67f0354cc7ce97422791aad9aaef1491"},{"path":"\/template\/mobile\/style1\/assets\/diandanbao\/coupon-juchi-orange.png","checksum":"480636f03abae030c2e14361427e4f89"},{"path":"\/template\/mobile\/style1\/assets\/diandanbao\/coupon-juchi-pink.png","checksum":"c166c55937fe51a050b7cc7aba55c7d9"},{"path":"\/template\/mobile\/style1\/assets\/diandanbao\/coupon-juchi-red.png","checksum":"fca2714cf7f513a1b9ba8f7fd4fb03ab"},{"path":"\/template\/mobile\/style1\/assets\/diandanbao\/coupon-orange.png","checksum":"1eff9f09e571ebc0ab32a432894d1a60"},{"path":"\/template\/mobile\/style1\/assets\/diandanbao\/coupon-pink.png","checksum":"0da934a10974bdc7391b43c28df43b2d"},{"path":"\/template\/mobile\/style1\/assets\/diandanbao\/coupon-red.png","checksum":"5753d06a88a4510fee15de53f83d904d"},{"path":"\/template\/mobile\/style1\/assets\/diandanbao\/font.css","checksum":"e59bcd30ae10332211e1e836080991fa"},{"path":"\/template\/mobile\/style1\/assets\/diandanbao\/fontawesome-webfont-7b07ce57a267815b7902936332129d46.woff","checksum":"d95d6f5d5ab7cfefd09651800b69bd54"},{"path":"\/template\/mobile\/style1\/assets\/diandanbao\/fontawesome-webfont-9fdf91a58be546aefdb0d503cc72528a.ttf","checksum":"c4668ed2440df82d3fd2f8be9d31d07d"},{"path":"\/template\/mobile\/style1\/assets\/diandanbao\/jquery-1.11.3.min.js","checksum":"895323ed2f7258af4fae2c738c8aea49"},{"path":"\/template\/mobile\/style1\/assets\/diandanbao\/list-left-bg.png","checksum":"f1dedc92c737dff268ad9a6644e85f6f"},{"path":"\/template\/mobile\/style1\/assets\/diandanbao\/list-right-bg.png","checksum":"e670ed798272ca1f7419eabfabdd395a"},{"path":"\/template\/mobile\/style1\/assets\/diandanbao\/menu.css","checksum":"37b043672f158feed227c891051aa248"},{"path":"\/template\/mobile\/style1\/assets\/diandanbao\/profile_bg.jpg","checksum":"b93d1b26b0db7a4d8ccd0df8dacc8bc0"},{"path":"\/template\/mobile\/style1\/assets\/diandanbao\/rest.png","checksum":"89053a8fcaf42f7e53c42773352ef031"},{"path":"\/template\/mobile\/style1\/assets\/diandanbao\/sharable-coupon-bottom.png","checksum":"827e1479dd486d4ad6dfa496bbcf0efb"},{"path":"\/template\/mobile\/style1\/assets\/diandanbao\/sharable-coupon-cloud.png","checksum":"cedf1d513f73948eb5d4879b8aab8b58"},{"path":"\/template\/mobile\/style1\/assets\/diandanbao\/sharable-coupon-sun.png","checksum":"da6a6a138ec11c1f0ebae36194203b70"},{"path":"\/template\/mobile\/style1\/assets\/diandanbao\/style.css","checksum":"0b847b22547adac264a7b8d2babf4e35"},{"path":"\/template\/mobile\/style1\/assets\/diandanbao\/weixin.css","checksum":"5cdee88e6fba5e80fe8f38693a25655d"},{"path":"\/template\/mobile\/style1\/category.html","checksum":"1dd33d2782f4736bd345a65bf6c15741"},{"path":"\/template\/mobile\/style1\/collection.html","checksum":"c7436b42428954d14a86894a35b7f9f0"},{"path":"\/template\/mobile\/style1\/commission_form.html","checksum":"e91799f0100e827819ab78c48b3ffc9e"},{"path":"\/template\/mobile\/style1\/coupon.html","checksum":"0ff111f025bf5e758a45e008d4ecc233"},{"path":"\/template\/mobile\/style1\/couponlist.html","checksum":"0ed5406e2c1d214b01462a7a5346f35d"},{"path":"\/template\/mobile\/style1\/css\/address.css","checksum":"60e1c87845d5acc7decf1efeda4792cc"},{"path":"\/template\/mobile\/style1\/css\/api.css","checksum":"cfb44f1f8335c64ad75c11bc6df61d54"},{"path":"\/template\/mobile\/style1\/css\/category.css","checksum":"7e9c71159d63e100a6dbd9a5ade9911e"},{"path":"\/template\/mobile\/style1\/css\/common.css","checksum":"2c618603020adc2919d20a16a07992eb"},{"path":"\/template\/mobile\/style1\/css\/detail.css","checksum":"52b05d8405120720cc9fd5ec47409c66"},{"path":"\/template\/mobile\/style1\/css\/fakeLoader.css","checksum":"912c59c8208c52cc21bd28e04b26aa22"},{"path":"\/template\/mobile\/style1\/css\/feedback.css","checksum":"996983fa61bff9c34f14ca2b9433a16b"},{"path":"\/template\/mobile\/style1\/css\/fonts\/iconfont.eot","checksum":"d2c160f6aefb9ca6fac23dca38e23088"},{"path":"\/template\/mobile\/style1\/css\/fonts\/iconfont.svg","checksum":"6ebfc63e38f6309a41b08fe59dbb87a0"},{"path":"\/template\/mobile\/style1\/css\/fonts\/iconfont.ttf","checksum":"3019cccda8b34834d3b0507c5af2d3bb"},{"path":"\/template\/mobile\/style1\/css\/fonts\/iconfont.woff","checksum":"2fdf244a7d8fbb1f0780e4c5c9b6dbfe"},{"path":"\/template\/mobile\/style1\/css\/goods-show.css","checksum":"d30e2f01feddcba523bf51d971e0b2fe"},{"path":"\/template\/mobile\/style1\/css\/goods-two.css","checksum":"da42ebde4160876078b753baa8544930"},{"path":"\/template\/mobile\/style1\/css\/goods.css","checksum":"0057e6adb0cf7bbf527bfa66c3394451"},{"path":"\/template\/mobile\/style1\/css\/i\/fonts\/base14.woff","checksum":"f63830a3dd05590d54b30c754d98bd7b"},{"path":"\/template\/mobile\/style1\/css\/i\/fonts\/cate4.woff","checksum":"57ca546dd16d3ff0c50f10da8823368c"},{"path":"\/template\/mobile\/style1\/css\/iconfont.css","checksum":"3b59e690a42a540783ee501c0d121fc8"},{"path":"\/template\/mobile\/style1\/css\/index.css","checksum":"945d380fd45ceef14d49c4bcf4860e6b"},{"path":"\/template\/mobile\/style1\/css\/keep.css","checksum":"375ed804ba038cbdfeacced78f5aff39"},{"path":"\/template\/mobile\/style1\/css\/login.css","checksum":"9e565d3772d92182a5f5a29269f6230f"},{"path":"\/template\/mobile\/style1\/css\/myfeed.css","checksum":"7b1b5ff2543d146302fe480432fb2b80"},{"path":"\/template\/mobile\/style1\/css\/open-popupx.css","checksum":"60cbcd4a0bbec01985336f9868ebbee4"},{"path":"\/template\/mobile\/style1\/css\/order-list.css","checksum":"91fbd444b592ab10f95c5b442da7b304"},{"path":"\/template\/mobile\/style1\/css\/order-new.css","checksum":"a77e2d38ab6bfd7247c44c58cb6c1bf6"},{"path":"\/template\/mobile\/style1\/css\/order.css","checksum":"efd82cf73f4e8858afaec1b2a5957985"},{"path":"\/template\/mobile\/style1\/css\/points.css","checksum":"aa5b330bd1b9e26dcd9b8640f01a44d2"},{"path":"\/template\/mobile\/style1\/css\/product.css","checksum":"1243adb4e603a7cf558675d4ba4c9817"},{"path":"\/template\/mobile\/style1\/css\/search.css","checksum":"ce4d3920170e6159fd85bd586a82e02a"},{"path":"\/template\/mobile\/style1\/css\/shop.css","checksum":"0f0e245ac2fcd6acd61d6ee78ce29113"},{"path":"\/template\/mobile\/style1\/css\/style.css","checksum":"dacf16f8622a64cc6e43c9e20325b90d"},{"path":"\/template\/mobile\/style1\/css\/swiper.css","checksum":"d75976d63a30e5bb51d2c6b866933d1d"},{"path":"\/template\/mobile\/style1\/css\/user.css","checksum":"39ddc616bcd385ff1c1e1d6f3577e82b"},{"path":"\/template\/mobile\/style1\/css\/weui.min.css","checksum":"08f0050177a03a96984fd9f4ec8fc7e7"},{"path":"\/template\/mobile\/style1\/css\/youhui.css","checksum":"6ae48c5789dc121667e0ff9665ee5c01"},{"path":"\/template\/mobile\/style1\/deliveryorder.html","checksum":"9065c129eb9690e924524b916a6cdbe7"},{"path":"\/template\/mobile\/style1\/deliveryorderdetail.html","checksum":"c59d27c3c865081702353f33956453f7"},{"path":"\/template\/mobile\/style1\/detail.html","checksum":"2dfbc716494227c175379144c280cf2c"},{"path":"\/template\/mobile\/style1\/feedback.html","checksum":"cda1748108d0090f05f28da6774c6d4f"},{"path":"\/template\/mobile\/style1\/feedback2.html","checksum":"3b246b8e23aa1395b03cbd4e9b65d5d0"},{"path":"\/template\/mobile\/style1\/goods-show.html","checksum":"4bb83177567860f27175f5d8f81bbe1e"},{"path":"\/template\/mobile\/style1\/image\/abc_ab_bottom_solid_light_holo.9.png","checksum":"a0d8c70a199c94395a1aa6bf434ddb60"},{"path":"\/template\/mobile\/style1\/image\/addr.png","checksum":"c0d853280da164afed9008b9f164ce66"},{"path":"\/template\/mobile\/style1\/image\/address.png","checksum":"69dd565aae8b5f200a5d314d9b68bcca"},{"path":"\/template\/mobile\/style1\/image\/bc.png","checksum":"c72997ac42e8f9f6ddb8485d269d684b"},{"path":"\/template\/mobile\/style1\/image\/bg_edit_selected.9.png","checksum":"bce5706d5212adca884b08fb04d72220"},{"path":"\/template\/mobile\/style1\/image\/border.png","checksum":"c6c43b05bb9f50d9e5805992e77c1faf"},{"path":"\/template\/mobile\/style1\/image\/box.png","checksum":"6f77c57bd8a1c88bf75959362afce0c8"},{"path":"\/template\/mobile\/style1\/image\/c5.png","checksum":"202f36adf0a6c9d82db524016565ec1a"},{"path":"\/template\/mobile\/style1\/image\/carts.png","checksum":"71c41975aafc9ab11f5686c21ece7c19"},{"path":"\/template\/mobile\/style1\/image\/carts2.png","checksum":"921834780064533a2d36c0aa38cbbcba"},{"path":"\/template\/mobile\/style1\/image\/carts3.png","checksum":"c25381a6099ec310c6fb24ad07e53394"},{"path":"\/template\/mobile\/style1\/image\/cate1.png","checksum":"3179ef49d3466a745e5977c07761e90d"},{"path":"\/template\/mobile\/style1\/image\/cate2.png","checksum":"31474f018daa76e4f8694945f7ef0291"},{"path":"\/template\/mobile\/style1\/image\/cate3.png","checksum":"28c68d4755c7c4ee97c1e5e1c705253d"},{"path":"\/template\/mobile\/style1\/image\/cate4.png","checksum":"ffe31d5f8210d7011e7c4d1f5ad9d30a"},{"path":"\/template\/mobile\/style1\/image\/cate5.png","checksum":"24076483b3d5facaa4e82c655323f5a8"},{"path":"\/template\/mobile\/style1\/image\/cate6.png","checksum":"f20d325ff9695ef4f56e5086b84af23a"},{"path":"\/template\/mobile\/style1\/image\/cate7.png","checksum":"33a9c09649804d57263717bb1db54682"},{"path":"\/template\/mobile\/style1\/image\/cg.png","checksum":"41cadfd03e08e6537e0555c87d435981"},{"path":"\/template\/mobile\/style1\/image\/check.png","checksum":"b40076f5cf78a325c8bda2a92fc80b9d"},{"path":"\/template\/mobile\/style1\/image\/clear.png","checksum":"c3c2726dd6c90baa57027d284e62aa1e"},{"path":"\/template\/mobile\/style1\/image\/close.png","checksum":"dc22c0fde6ef318864bab57910e5e140"},{"path":"\/template\/mobile\/style1\/image\/coupon_bg.png","checksum":"bc68153dfcce8b8d255ac51a8462cb87"},{"path":"\/template\/mobile\/style1\/image\/dd.png","checksum":"e8df201988a57b3d26acf92153fd2d24"},{"path":"\/template\/mobile\/style1\/image\/detail_img.jpg","checksum":"96422f4519f469aaa86ee04f2ce588a2"},{"path":"\/template\/mobile\/style1\/image\/ead.png","checksum":"ab2bc91834a12edad0823954cb2476c4"},{"path":"\/template\/mobile\/style1\/image\/edit.png","checksum":"5a119150d4dbbf7dea1eaa13373b0308"},{"path":"\/template\/mobile\/style1\/image\/fan.png","checksum":"5c6c19227f9624468093f87f6bf5edb1"},{"path":"\/template\/mobile\/style1\/image\/fous.png","checksum":"e688441205d40627a87e5a7eef905452"},{"path":"\/template\/mobile\/style1\/image\/goback.png","checksum":"416a7f7c3a901fb259dfcb8e784a3c9c"},{"path":"\/template\/mobile\/style1\/image\/goods-1.jpg","checksum":"4aea5f4da3c7e7686b240f82d2eb2538"},{"path":"\/template\/mobile\/style1\/image\/goods-2.jpg","checksum":"9f160f5bc13ff890de7101399637971a"},{"path":"\/template\/mobile\/style1\/image\/gou.png","checksum":"728ef7947b84758fdab8ee051df75760"},{"path":"\/template\/mobile\/style1\/image\/homestars.png","checksum":"94ccf7caaa73aec6bfa0537e071d1038"},{"path":"\/template\/mobile\/style1\/image\/i-home.png","checksum":"3cc710765a18f0b5aa9fd4124115447e"},{"path":"\/template\/mobile\/style1\/image\/i-nav.png","checksum":"2a7ede09bd9c9ad08c360e250b411e08"},{"path":"\/template\/mobile\/style1\/image\/i-navs.png","checksum":"bff533cf9617bd57fe1dfb05603bebcf"},{"path":"\/template\/mobile\/style1\/image\/i-user.png","checksum":"a4321ba27660e38914f34d0d521bafb9"},{"path":"\/template\/mobile\/style1\/image\/ic_action_favorite_off.png","checksum":"c9003bb5cc3aaf78ab1a30b664d20c0c"},{"path":"\/template\/mobile\/style1\/image\/ic_action_home.png","checksum":"8ccfd8327657405aabb8189f2cd7e8bc"},{"path":"\/template\/mobile\/style1\/image\/ic_action_map.png","checksum":"d5b250f0f6b3562e8942b542ab5bf23c"},{"path":"\/template\/mobile\/style1\/image\/ic_action_search.png","checksum":"7d8223bb5acde42d6d67093463f5ea75"},{"path":"\/template\/mobile\/style1\/image\/ic_action_searchs.png","checksum":"2b87c90945ee31c0a2db0492d26525e5"},{"path":"\/template\/mobile\/style1\/image\/ic_action_share.png","checksum":"de5e309528a84476d9b6f4034a252418"},{"path":"\/template\/mobile\/style1\/image\/ic_add.png","checksum":"7f0184f212deef2d0b82064896818f31"},{"path":"\/template\/mobile\/style1\/image\/ic_arrow_white_down.png","checksum":"8155555885dc1ac5340f5203d4de7ef4"},{"path":"\/template\/mobile\/style1\/image\/ic_arrow_white_up.png","checksum":"a8ebca6f8da5aa026633a25dfd1f5d02"},{"path":"\/template\/mobile\/style1\/image\/ic_back.png","checksum":"fdc3ea724eeb16e16cd04d3e2f657f6e"},{"path":"\/template\/mobile\/style1\/image\/ic_category_0.png","checksum":"f9a9e870b7de175c5965901034902f11"},{"path":"\/template\/mobile\/style1\/image\/ic_category_1.png","checksum":"e83136f509a70af64b518713069675c1"},{"path":"\/template\/mobile\/style1\/image\/ic_category_10.png","checksum":"0722004d844af4b511167e1e27af431f"},{"path":"\/template\/mobile\/style1\/image\/ic_category_11.png","checksum":"8072f4900353fe5756b2c9d91e4bc594"},{"path":"\/template\/mobile\/style1\/image\/ic_category_12.png","checksum":"ae3c96b2f464159cfb3c41cb5098cdb9"},{"path":"\/template\/mobile\/style1\/image\/ic_category_13.png","checksum":"088cddd26ea26c70f2b05cc54cd80822"},{"path":"\/template\/mobile\/style1\/image\/ic_category_14.png","checksum":"a608d6e7aa0fde7668bd1a33f3465532"},{"path":"\/template\/mobile\/style1\/image\/ic_category_15.png","checksum":"5683e538f1aa570d0fe7aa7d47e5f5b8"},{"path":"\/template\/mobile\/style1\/image\/ic_category_2.png","checksum":"eeae2b40bd976839fe83c8d74e3f50e4"},{"path":"\/template\/mobile\/style1\/image\/ic_category_3.png","checksum":"c5bb25d31207db121f1c53ceaa3c393f"},{"path":"\/template\/mobile\/style1\/image\/ic_category_4.png","checksum":"daf19adde22443df0e9dedfdf4a60c65"},{"path":"\/template\/mobile\/style1\/image\/ic_category_5.png","checksum":"fe637b01cfad0b88639cd26fadda413d"},{"path":"\/template\/mobile\/style1\/image\/ic_category_6.png","checksum":"942a196b59044950c0108c5399d2b057"},{"path":"\/template\/mobile\/style1\/image\/ic_category_7.png","checksum":"58213e03460562a6aad6e0a805d238e9"},{"path":"\/template\/mobile\/style1\/image\/ic_category_8.png","checksum":"d81321ee9df3982e9ba219c1446f7125"},{"path":"\/template\/mobile\/style1\/image\/ic_category_9.png","checksum":"7a1d2ca61b5d0d0ba3dbbc34fe2af668"},{"path":"\/template\/mobile\/style1\/image\/ic_global_arrow_down_green.png","checksum":"2a1c1da1ce6785f645648918eae1fa2d"},{"path":"\/template\/mobile\/style1\/image\/ic_global_arrow_green_fold_normal.png","checksum":"6610e8a8f4be243c0775635ec9ae1d29"},{"path":"\/template\/mobile\/style1\/image\/ic_global_arrow_right.png","checksum":"37e427c23098bbdd49206bdfa259018a"},{"path":"\/template\/mobile\/style1\/image\/ic_global_deal_exchange.png","checksum":"469e75f2023a207870b2d20df264d6a1"},{"path":"\/template\/mobile\/style1\/image\/ic_global_filter_check_green.png","checksum":"946942338d3ac5451774f07557d62614"},{"path":"\/template\/mobile\/style1\/image\/ic_global_list_lable_booking.png","checksum":"7a6d510b6d08b557b17eb0408945e6ed"},{"path":"\/template\/mobile\/style1\/image\/ic_global_list_lable_booking_ktv.png","checksum":"c9932e0ca71a5dda0511266b0d39549b"},{"path":"\/template\/mobile\/style1\/image\/ic_global_list_lable_booking_new.png","checksum":"a86fc55ee0cc20e56cf6d44c44d72fde"},{"path":"\/template\/mobile\/style1\/image\/ic_global_list_lable_favour.png","checksum":"0bef8cb561fd6601416ad0dec9e28803"},{"path":"\/template\/mobile\/style1\/image\/ic_global_list_lable_groupon.png","checksum":"ee1c0fda694209a7d6c57cc219a73bba"},{"path":"\/template\/mobile\/style1\/image\/ic_global_list_lable_groupon_new.png","checksum":"9eba0bffb73d656aca045bd4fe20e826"},{"path":"\/template\/mobile\/style1\/image\/ic_global_list_lable_lable_onlinebooking.png","checksum":"ec11d1b7f37a1d219031f6cc8ea1a3ce"},{"path":"\/template\/mobile\/style1\/image\/ic_global_list_lable_new.png","checksum":"201c5286efcc464eb61d913c9888eee6"},{"path":"\/template\/mobile\/style1\/image\/ic_global_list_lable_pay_new.png","checksum":"d8122331fb704ed8199453e91db4a75e"},{"path":"\/template\/mobile\/style1\/image\/ic_global_list_lable_queue.png","checksum":"a64c708b83b85925af4b8d0a8e28e46d"},{"path":"\/template\/mobile\/style1\/image\/ic_global_list_lable_seat.png","checksum":"c535821b9e234c074ed4f9b081b7a096"},{"path":"\/template\/mobile\/style1\/image\/ic_global_list_lable_seat_new.png","checksum":"c576024c1445aba0d7d5bb1a43625f10"},{"path":"\/template\/mobile\/style1\/image\/ic_global_list_lable_voucher.png","checksum":"7f828e6d0df118cbfcce1d0883ae57cb"},{"path":"\/template\/mobile\/style1\/image\/ic_global_list_lable_voucher_new.png","checksum":"14484b93e3c387d1873c92735b7e9753"},{"path":"\/template\/mobile\/style1\/image\/ic_global_list_lable_vouchers.png","checksum":"991ccee61571f404ce77bfab4dd48636"},{"path":"\/template\/mobile\/style1\/image\/ic_global_title_bar_48_back.png","checksum":"36906ce930d8db1d528d8f4b7a7e92f6"},{"path":"\/template\/mobile\/style1\/image\/ic_menu_apollo_off.png","checksum":"280cb6a1be0a3983f1d079939b832e10"},{"path":"\/template\/mobile\/style1\/image\/ic_menu_apollo_on.png","checksum":"9b70c22773c793e953cebbe22801f7b1"},{"path":"\/template\/mobile\/style1\/image\/ic_menu_deal_off.png","checksum":"1f23486c826ebf8bb9907950c3ccb34e"},{"path":"\/template\/mobile\/style1\/image\/ic_menu_deal_on.png","checksum":"b038d367457d051ed474e2858a54212a"},{"path":"\/template\/mobile\/style1\/image\/ic_menu_more_off.png","checksum":"d7febbb84cabc9267afdca5099b00f53"},{"path":"\/template\/mobile\/style1\/image\/ic_menu_more_on.png","checksum":"25bad58609b39a17266d7b57f50f255f"},{"path":"\/template\/mobile\/style1\/image\/ic_menu_poi_off.png","checksum":"ef7442d4b4dfbc552a4da14d7a508462"},{"path":"\/template\/mobile\/style1\/image\/ic_menu_poi_on.png","checksum":"4f5bed30ebb6b8b4dd5157b0bf063077"},{"path":"\/template\/mobile\/style1\/image\/ic_menu_user_off.png","checksum":"d98b3db940bb755c93e61910499c2c91"},{"path":"\/template\/mobile\/style1\/image\/ic_menu_user_on.png","checksum":"83b49bb054037e92d5601c3e978f2dba"},{"path":"\/template\/mobile\/style1\/image\/ic_nobooking_list.png","checksum":"8aedcbcf2679d526b04fa8121a3154e2"},{"path":"\/template\/mobile\/style1\/image\/ic_routelist_dropdown_arrow.png","checksum":"517db1c0fae51a94f704754434a91ced"},{"path":"\/template\/mobile\/style1\/image\/ic_routelist_dropdown_arrows.png","checksum":"214849e0498eeab5af8ba2945eb8a0a3"},{"path":"\/template\/mobile\/style1\/image\/ic_subtract.png","checksum":"dc7908fcc18ef8910f5159c70eda4729"},{"path":"\/template\/mobile\/style1\/image\/icon.png","checksum":"56220de4d4bea129127dbff36eb815f2"},{"path":"\/template\/mobile\/style1\/image\/icon2.png","checksum":"fc9f7e7fc73549c871183e701c7c4f12"},{"path":"\/template\/mobile\/style1\/image\/icons.png","checksum":"17d0e950a8ea7360ef0615aab77fc5e1"},{"path":"\/template\/mobile\/style1\/image\/inn_cafe.png","checksum":"7da52eead63a88c27635bfc28083923d"},{"path":"\/template\/mobile\/style1\/image\/inn_card_charge.png","checksum":"4daff5b1bf0a92ab2cb406737337203b"},{"path":"\/template\/mobile\/style1\/image\/inn_chinese_restaurant.png","checksum":"6360e4d342a8a5ba9c5fcdfe1c6073f3"},{"path":"\/template\/mobile\/style1\/image\/inn_deliver_meal.png","checksum":"f4a22b908476961e02a2ccf54fad4b1d"},{"path":"\/template\/mobile\/style1\/image\/inn_gps_icon.png","checksum":"d9c17f6cbe238ce8d3d5a0e86b396598"},{"path":"\/template\/mobile\/style1\/image\/inn_pick_up.png","checksum":"37db1153572595cc3d4fd481e7476bc4"},{"path":"\/template\/mobile\/style1\/image\/inn_poi_detail_phone.png","checksum":"4f72c02b18a33a20f918c8fb4f853811"},{"path":"\/template\/mobile\/style1\/image\/line.gif","checksum":"a5e0e2babaf5f94ef0ad6aaedf1ca229"},{"path":"\/template\/mobile\/style1\/image\/loading.gif","checksum":"dbc308ed3b373258a342a793cd4d5ff1"},{"path":"\/template\/mobile\/style1\/image\/marker.png","checksum":"c08bc37373c87b5363527ea2e2acef6c"},{"path":"\/template\/mobile\/style1\/image\/my-photo.png","checksum":"bd1ff38dcb5e830ad1aa150832d8e60a"},{"path":"\/template\/mobile\/style1\/image\/nav1.png","checksum":"b7ed1890cf73ae6f2adb97caa39de7fc"},{"path":"\/template\/mobile\/style1\/image\/nav10.png","checksum":"883171fd98b85dee3b3f4243b7459b48"},{"path":"\/template\/mobile\/style1\/image\/nav11.png","checksum":"b7f432619fb21a40b05cd25d11eca02d"},{"path":"\/template\/mobile\/style1\/image\/nav12.png","checksum":"61a1e0f448be0624c62db416e864d2af"},{"path":"\/template\/mobile\/style1\/image\/nav13.png","checksum":"3c7a9ef469a12e7a596b559145b87f09"},{"path":"\/template\/mobile\/style1\/image\/nav14.png","checksum":"7b6235761e50d391445f021922b71789"},{"path":"\/template\/mobile\/style1\/image\/nav15.png","checksum":"97c9700836a33e05c2410bda8da59117"},{"path":"\/template\/mobile\/style1\/image\/nav16.png","checksum":"217244241b514affc0f12f4168cf6628"},{"path":"\/template\/mobile\/style1\/image\/nav2.png","checksum":"235696aa5cf9820adada9b11a3d14bf5"},{"path":"\/template\/mobile\/style1\/image\/nav3.png","checksum":"1c68edcaeb8cd35845946db6673660fc"},{"path":"\/template\/mobile\/style1\/image\/nav4.png","checksum":"05e2a4a05b7a55bab6f22f7404bdaa26"},{"path":"\/template\/mobile\/style1\/image\/nav5.png","checksum":"434ea0d51c9608310cf41faa5de6b8ef"},{"path":"\/template\/mobile\/style1\/image\/nav6.png","checksum":"afad41b04d520d445dc5de42dae9a384"},{"path":"\/template\/mobile\/style1\/image\/nav7.png","checksum":"3848e031bf7b3c036b4ec19edff16e46"},{"path":"\/template\/mobile\/style1\/image\/nav8.png","checksum":"03d7125a96aab7d583151fbc376480b5"},{"path":"\/template\/mobile\/style1\/image\/nav9.png","checksum":"e7e02b72b5e63c127d5bfae57b8e4ab1"},{"path":"\/template\/mobile\/style1\/image\/next.png","checksum":"e62973033009b9e6327f7771a0e27e75"},{"path":"\/template\/mobile\/style1\/image\/no-log.png","checksum":"23d9d010e60c32b088379fc277a7b5d1"},{"path":"\/template\/mobile\/style1\/image\/no-order.png","checksum":"3be960042ea1fdb255680307ca7b6b66"},{"path":"\/template\/mobile\/style1\/image\/no-yh.png","checksum":"d3894b917b10b3c3c5632296fb4386ff"},{"path":"\/template\/mobile\/style1\/image\/order_line.png","checksum":"c8620219a910e48486b2667dd3e0eb16"},{"path":"\/template\/mobile\/style1\/image\/pay.png","checksum":"bed96151457c816178ecbdfb6b90909e"},{"path":"\/template\/mobile\/style1\/image\/phone.png","checksum":"37c0c84b0edc4ed407771daf3259f5ff"},{"path":"\/template\/mobile\/style1\/image\/pic-default.png","checksum":"d02fc66eca2ba1bb487a1d277d96e0a1"},{"path":"\/template\/mobile\/style1\/image\/qualification-right.png","checksum":"65c3ea655e4642948709df8025e4150d"},{"path":"\/template\/mobile\/style1\/image\/refreshing_image_01.png","checksum":"8cf5869faba3270e5d377626d016ee03"},{"path":"\/template\/mobile\/style1\/image\/refreshing_image_02.png","checksum":"450bd4eab7a55111bcde9ee6a733bf9f"},{"path":"\/template\/mobile\/style1\/image\/sale-end.png","checksum":"3e678b32cb18829a1c2c91f49b41aff0"},{"path":"\/template\/mobile\/style1\/image\/ser.png","checksum":"0896e7288415ebaffb4186c567c693fe"},{"path":"\/template\/mobile\/style1\/image\/server.png","checksum":"d8c0c179266a3c8af53190030d854fbd"},{"path":"\/template\/mobile\/style1\/image\/shouyin.png","checksum":"8d4cf0d8c0a0de350e756557954efcd9"},{"path":"\/template\/mobile\/style1\/image\/sp1.jpg","checksum":"45b66a8e007adef0dd51c9126d6f5ff1"},{"path":"\/template\/mobile\/style1\/image\/sp2.jpg","checksum":"b32ee5e6cbfccd9506569c7c437e5636"},{"path":"\/template\/mobile\/style1\/image\/takeout_ic_account.png","checksum":"6f24feac086cc6b5fad93cf22f7d8e17"},{"path":"\/template\/mobile\/style1\/image\/time.png","checksum":"2354b1e93ee6edf6e0d36f42abb0ca84"},{"path":"\/template\/mobile\/style1\/image\/tips.png","checksum":"647571daa0b21df3dc71c89923129c1d"},{"path":"\/template\/mobile\/style1\/image\/tkc.png","checksum":"8b2cfb9bcd03649dfb3531e1e7459a54"},{"path":"\/template\/mobile\/style1\/image\/vip3.png","checksum":"845d2ddec26136494d81481232446e72"},{"path":"\/template\/mobile\/style1\/image\/x.svg","checksum":"cdfd05d4a1186628b87ab88fb2d0b22a"},{"path":"\/template\/mobile\/style1\/image\/xx.png","checksum":"d296146c28b443570da6d5c0361490e7"},{"path":"\/template\/mobile\/style1\/image\/ye.png","checksum":"511bb3983cd85a1db269bda63464ff24"},{"path":"\/template\/mobile\/style1\/image\/ys.png","checksum":"0b8d0a2d89c9420a0e7c3202cb4208a4"},{"path":"\/template\/mobile\/style1\/image\/yw.png","checksum":"429ed40314161f0d5f6aef2d8f76104a"},{"path":"\/template\/mobile\/style1\/image\/zan.png","checksum":"82af69710373f5f6a9b67f76b29508ec"},{"path":"\/template\/mobile\/style1\/image\/zd.png","checksum":"c72f16c2814574414f955a1c9da93c37"},{"path":"\/template\/mobile\/style1\/index.html","checksum":"b3fdc51e52c98b07a655eb4127fd6a23"},{"path":"\/template\/mobile\/style1\/keep.html","checksum":"ad82f0bd33424942ac4ed3be9b35bee3"},{"path":"\/template\/mobile\/style1\/list.html","checksum":"23949ba3ed1bfb1120dd9cb99a815258"},{"path":"\/template\/mobile\/style1\/list2.html","checksum":"8a0caa4dacf9e5f244368e9fb401b576"},{"path":"\/template\/mobile\/style1\/login.html","checksum":"32b8ea44000fb4605c672aca9579b004"},{"path":"\/template\/mobile\/style1\/menu.html","checksum":"822ec6346c2fb16b637f8716030e5ecd"},{"path":"\/template\/mobile\/style1\/mvalidate\/jquery-mvalidate.js","checksum":"20064b59ab0e366fbe8c9161d2b06aaf"},{"path":"\/template\/mobile\/style1\/mvalidate\/validate.css","checksum":"aa41979670901bbee132d1327fd43bd7"},{"path":"\/template\/mobile\/style1\/mycoupon.html","checksum":"9b702d2ae0c6e446f28996291a5c2861"},{"path":"\/template\/mobile\/style1\/myfeed.html","checksum":"c21ea6fbe7b28d17ac7fc41f92d7f398"},{"path":"\/template\/mobile\/style1\/mymemberlist.html","checksum":"4025d5698a24e98ef9781b532ff3b8b5"},{"path":"\/template\/mobile\/style1\/order-list.html","checksum":"649bb9107c923f24357aaf0fae2ad690"},{"path":"\/template\/mobile\/style1\/order.html","checksum":"73daafb9e158fa3ce88a91098cbc8a5f"},{"path":"\/template\/mobile\/style1\/orderdetail.html","checksum":"e70d60675084efcb4d3f409d4a660b9a"},{"path":"\/template\/mobile\/style1\/pay_form.html","checksum":"86f1a609a03243c320265b9d300336a4"},{"path":"\/template\/mobile\/style1\/points.html","checksum":"3824ac648b9862479b7962b8e17cda45"},{"path":"\/template\/mobile\/style1\/preview.jpg","checksum":"8997055245e5c15dbb76776fd7f4af55"},{"path":"\/template\/mobile\/style1\/product.html","checksum":"9469f6993e3669293a34418da00f1ea1"},{"path":"\/template\/mobile\/style1\/queue.html","checksum":"5d19d219a1d4753c6ad22e9cb60686fe"},{"path":"\/template\/mobile\/style1\/queue_form.html","checksum":"1f6a7828955aea768d9c30786f02f457"},{"path":"\/template\/mobile\/style1\/recharge_form.html","checksum":"787f07f453da630289a1166466e654ff"},{"path":"\/template\/mobile\/style1\/reservation_detail.html","checksum":"c37c1b036bebb8c2c44eb031147c7246"},{"path":"\/template\/mobile\/style1\/reservation_index.html","checksum":"df9559a10e64248c1fa4aeb9eac75c49"},{"path":"\/template\/mobile\/style1\/restlist.html","checksum":"de25c1334c05b8f355847bdd2ce31bf7"},{"path":"\/template\/mobile\/style1\/savewine_form.html","checksum":"bc3b5a79e5e9c34b02c24466a8f20649"},{"path":"\/template\/mobile\/style1\/savewinedetail.html","checksum":"d045e002948cf8bf624172da61d98ed1"},{"path":"\/template\/mobile\/style1\/savewinelist.html","checksum":"78d01c49b2c936f2b598444fa031f3ec"},{"path":"\/template\/mobile\/style1\/script\/api.js","checksum":"bf212426657a7b9245e0a37361a61ffa"},{"path":"\/template\/mobile\/style1\/script\/bootstrap.min.js","checksum":"4becdc9104623e891fbb9d38bba01be4"},{"path":"\/template\/mobile\/style1\/script\/fakeLoader.min.js","checksum":"417b2e1aaa6ff664a48da1f519d584ad"},{"path":"\/template\/mobile\/style1\/script\/fly.min.js","checksum":"12c474fed40c5aebaf7adf10ec09094e"},{"path":"\/template\/mobile\/style1\/script\/jquery-1.8.3.min.js","checksum":"e1288116312e4728f98923c79b034b67"},{"path":"\/template\/mobile\/style1\/script\/jquery-weui.min.js","checksum":"8b16c767d7c497f7f39537f6ee3a0f03"},{"path":"\/template\/mobile\/style1\/script\/jquery.goup.min.js","checksum":"9deba630e80f773f9a76b0e36243ff57"},{"path":"\/template\/mobile\/style1\/script\/jquery.touchSwipe.min.js","checksum":"f60ff05469d1757996d85f4172d4ff4d"},{"path":"\/template\/mobile\/style1\/search.html","checksum":"bf6ca90696290c3721aaf5582e42b500"},{"path":"\/template\/mobile\/style1\/select.html","checksum":"31c9bf732e8bb42fb0c41aad3e0c2ad3"},{"path":"\/template\/mobile\/style1\/select_list.html","checksum":"c0676a8803622093f48bab0e0a0924ff"},{"path":"\/template\/mobile\/style1\/usercenter.html","checksum":"7e45ed61ee7424bd53a5601b76d85b58"},{"path":"\/template\/mobile\/style1\/usercenter2.html","checksum":"77771ffd5126b1ffd759a84d93530cbd"},{"path":"\/template\/mobile\/style1\/youhui.html","checksum":"dc765eff3c55397fe11ce631e7c18d9f"},{"path":"\/template\/plugin\/layer_mobile\/layer.js","checksum":"321b5e176347f3beb5dd24f067ad234a"},{"path":"\/template\/plugin\/layer_mobile\/need\/layer.css","checksum":"2d68cfa6a89e2b0305a0efc9acfe7612"},{"path":"\/template\/plugin\/light7\/light7.min.css","checksum":"7c30e05124923cd7ac64e809adc9bc60"},{"path":"\/template\/plugin\/light7\/light7.min.js","checksum":"742fb62779ed961c784bbd6e3e6df6cc"},{"path":"\/template\/plugin\/weui\/weui.min.css","checksum":"8533b5d2ddfcfb441aa1207db9963dbd"},{"path":"\/template\/public\/comhead.html","checksum":"ac38376f1a64952111e89146f5ebba94"},{"path":"\/template\/public\/common.html","checksum":"716e76a22f2ebdec0e5ee59dda238780"},{"path":"\/template\/public\/footer-base.html","checksum":"af9adbbf5537c15b885a676617770dd7"},{"path":"\/template\/public\/footer.html","checksum":"81bbfa050fcff3a39310bf8d083ccdbb"},{"path":"\/template\/public\/header-base.html","checksum":"e920ff68c3dfa961c73492e7c1806d34"},{"path":"\/template\/public\/header.html","checksum":"4e8e2492865e7949e97c763bcfe40aca"},{"path":"\/template\/public\/link.html","checksum":"e8454d4d30a1634b5e712784a48c9f9d"},{"path":"\/template\/public\/tiny.html","checksum":"ee42c0628fa3e4de694440c2f5236702"},{"path":"\/template\/swiper\/css\/swiper.min.css","checksum":"56d9b8b2ca1ad95c3cfafaf768e17fec"},{"path":"\/template\/swiper\/js\/swiper.min.js","checksum":"acba23eda80d638c392471aea0a9c351"},{"path":"\/template\/web\/_banner.html","checksum":"1849a59b697f23fe97fc2bac1f57303b"},{"path":"\/template\/web\/_common.html","checksum":"c754a5841fc4efcb6300c8cdb3366c07"},{"path":"\/template\/web\/_delivery_notice.html","checksum":"5982ee18bde268a7521e4f0fd1379fdf"},{"path":"\/template\/web\/_delivery_time_item.html","checksum":"f1d489b14d342a107438675ac68c1adb"},{"path":"\/template\/web\/_distance_item.html","checksum":"4e45aab25aa421340fce57ede1ada0de"},{"path":"\/template\/web\/_goods_options_item.html","checksum":"c42306fdae4efd9177568565116bb6f0"},{"path":"\/template\/web\/_kf.html","checksum":"bad81b0b7f16537e0b56c1e070ec2682"},{"path":"\/template\/web\/_modal_cash_fans.html","checksum":"6c5c618f873a1049ac11dced9520d85e"},{"path":"\/template\/web\/_modal_fans.html","checksum":"4aae4761ee0a62b89807fba1baf19c87"},{"path":"\/template\/web\/_query_coupon_fans.html","checksum":"07bb71c285a392b765002e8f095a4392"},{"path":"\/template\/web\/_query_fans.html","checksum":"d133a4cc5f82cd470b67da9f0bb4a9e2"},{"path":"\/template\/web\/_store_nave.html","checksum":"c289e1cfa67fb74c0eb98f444cfc1a96"},{"path":"\/template\/web\/_time_item.html","checksum":"715fd04c2237eead7af5ff34d321210a"},{"path":"\/template\/web\/account.html","checksum":"d8daf1055ae0b9887a7323343abc4a4c"},{"path":"\/template\/web\/ad.html","checksum":"36886082dc0eab10d39f19a3199a8d87"},{"path":"\/template\/web\/allfans.html","checksum":"269c5498285f9963305085ceb74a6a7e"},{"path":"\/template\/web\/allorder.html","checksum":"9acd74e6c8ded55db6bb23b25da9e665"},{"path":"\/template\/web\/allorder_detail.html","checksum":"624c0b0878dfcb0dd43ecb67fb09301d"},{"path":"\/template\/web\/area.html","checksum":"34d2d6e70003281ed478b331b86d5200"},{"path":"\/template\/web\/banner-s.html","checksum":"8e492094782f0643ae07c0d13f40d929"},{"path":"\/template\/web\/business.html","checksum":"583808f9c7f8546963afad2824a60488"},{"path":"\/template\/web\/business_post.html","checksum":"f514b395cbdd9b243b01fc23b67242e0"},{"path":"\/template\/web\/businesscenter.html","checksum":"62f45b8545e8978360e044680988cdf0"},{"path":"\/template\/web\/cash.html","checksum":"db28dd2b696531500877f5bee42fc92f"},{"path":"\/template\/web\/cashlog.html","checksum":"818aa2ede61d7c2a82dc862b9cb77667"},{"path":"\/template\/web\/category.html","checksum":"2a377ad9efcfcb68ca110f20764dc716"},{"path":"\/template\/web\/commission.html","checksum":"f10a1e1e1fbaac4164847caf6f505744"},{"path":"\/template\/web\/coreuser.html","checksum":"751e58e1b5476d197cb0a2b7b1330504"},{"path":"\/template\/web\/coupon.html","checksum":"b5869bd9a88806306556ec4018c22d35"},{"path":"\/template\/web\/cover.html","checksum":"ce9c11bce8c5d809d64b5536ec8635bd"},{"path":"\/template\/web\/creditsetting.html","checksum":"9f84ddfdd3ccdc0300dc21db53e86ce6"},{"path":"\/template\/web\/delivery.html","checksum":"e4e47725916fe7fac57f0096e3a23246"},{"path":"\/template\/web\/deliveryarea.html","checksum":"0984f304210b87daaf929b867a04e07f"},{"path":"\/template\/web\/dispatcharea.html","checksum":"3548c4c7bbd122880b5e58ada09e5eee"},{"path":"\/template\/web\/email_setting.html","checksum":"ce95bff6a1728118b4b7f9be07ec5d06"},{"path":"\/template\/web\/fans.html","checksum":"09d5cc781e2e1060d2539e7540b9e4ee"},{"path":"\/template\/web\/feedback.html","checksum":"7bff63041e6297b4545ff54546d54487"},{"path":"\/template\/web\/goods.html","checksum":"8ec5af64473ba8b4e9067b36e1cb3728"},{"path":"\/template\/web\/goods_detail.html","checksum":"1e3aeaedba5324966e60da0975d2e0dd"},{"path":"\/template\/web\/goods_tab_basic.html","checksum":"5b8912e657ff30d521a4f1431efba9db"},{"path":"\/template\/web\/goods_tab_commission.html","checksum":"28821a059ccb793698f126827ef24fe6"},{"path":"\/template\/web\/goods_tab_options.html","checksum":"89cd8bb625c0c2b1405459d0bc3fa24f"},{"path":"\/template\/web\/goods_tab_qrcode.html","checksum":"4dcae77717885b5f6fb50dd42ce16118"},{"path":"\/template\/web\/goods_tab_time.html","checksum":"5c4982a5498998bdb108e00f99155a7e"},{"path":"\/template\/web\/goodssalemx.html","checksum":"4568c6ff9ec5865001b483e32bdaf7dc"},{"path":"\/template\/web\/goodssaleph.html","checksum":"6c07d45b82fab14c97cb40cb306d2fb5"},{"path":"\/template\/web\/intelligent.html","checksum":"a2a1a47e2e611712fc786b6268b5319c"},{"path":"\/template\/web\/memberaddqs.html","checksum":"8268c5d895c5102582c9b883be939255"},{"path":"\/template\/web\/memberpayph.html","checksum":"44de523a86ac116608c77b4daf0d0ddf"},{"path":"\/template\/web\/notice.html","checksum":"6d5a16e06e4d155c67d55346ce15b38a"},{"path":"\/template\/web\/order.html","checksum":"8e535ce0b1140d74b5060e234f39f8e8"},{"path":"\/template\/web\/order_detail.html","checksum":"d8a3ca3b57d020d1876cb815ab51b7d6"},{"path":"\/template\/web\/print_label.html","checksum":"910403bc6d1b62cae9bb33d258056bb5"},{"path":"\/template\/web\/print_order.html","checksum":"9ec656a41e0445f162f92b61536c581c"},{"path":"\/template\/web\/print_setting.html","checksum":"c20987f344b1caf351085053dff0b566"},{"path":"\/template\/web\/queueorder.html","checksum":"4a1c6f6344c8f0b515959bc6167ba425"},{"path":"\/template\/web\/queuesetting.html","checksum":"4ab848dac6bc5d3dff7ef7adadc8d240"},{"path":"\/template\/web\/recharge.html","checksum":"dc5408c26a51a7a2a8c6a232e2932469"},{"path":"\/template\/web\/reservation.html","checksum":"7995d37fea00ad6b8a72ab80394498ae"},{"path":"\/template\/web\/saletj.html","checksum":"c9b7da5e863624fa1cc024ffc2237a1e"},{"path":"\/template\/web\/savewine.html","checksum":"0fd9a6781cbc11f401c777c66c9a980d"},{"path":"\/template\/web\/service_log.html","checksum":"679c61aac49e3fde3c8a7c1f43e90921"},{"path":"\/template\/web\/setting-basic.html","checksum":"f45b65dd11d807d9931a57b15c1ee8af"},{"path":"\/template\/web\/setting-commission.html","checksum":"b4767d3d4b54f5c35df229d08fd17eb8"},{"path":"\/template\/web\/setting-info.html","checksum":"918cb79930a0c9fca0788849f6a04618"},{"path":"\/template\/web\/setting-link.html","checksum":"561e18a587351edb70e42a379cef870b"},{"path":"\/template\/web\/setting-nave.html","checksum":"0f23b27a19f546ac4ed9962f3269c05a"},{"path":"\/template\/web\/setting-paytype.html","checksum":"d223030cdda974065b38cacb40413be4"},{"path":"\/template\/web\/setting-price.html","checksum":"492ff129310783619e3ba1c73aa20cc1"},{"path":"\/template\/web\/setting-sms.html","checksum":"fe8fa7e019c0e20f19054e6d4b82c626"},{"path":"\/template\/web\/setting-style.html","checksum":"8c9e1556354f47ff3f8515e08c3e6d79"},{"path":"\/template\/web\/setting.html","checksum":"355bdac5141fa9a9c7d30e31c2dc045c"},{"path":"\/template\/web\/sncodelist.html","checksum":"b48a2feead64d4d9ce7ceed24a53c89a"},{"path":"\/template\/web\/start.html","checksum":"b1d695d28a97a79c5aa082b875081fc2"},{"path":"\/template\/web\/stores.html","checksum":"144de96d60d50380ea110358748c57ae"},{"path":"\/template\/web\/stores_adminbusinesslog.html","checksum":"95227e499ae4f681a1b1122f90f64fa3"},{"path":"\/template\/web\/stores_post.html","checksum":"178e8c9d561df7ca3a0e35b137d506c7"},{"path":"\/template\/web\/stores_setting.html","checksum":"f5a636741a658d87a631e23ae791d4b8"},{"path":"\/template\/web\/stores_tab_basic.html","checksum":"434ba0478666340ab99533670fe12363"},{"path":"\/template\/web\/stores_tab_coupon.html","checksum":"7cdde15bf53845ffb7581e58e154796a"},{"path":"\/template\/web\/stores_tab_high.html","checksum":"ddad8efbb8d0e1ec7f21fc14f3a527ca"},{"path":"\/template\/web\/stores_tab_in.html","checksum":"093a2b7d8db47a77a4fbc2f11e479557"},{"path":"\/template\/web\/stores_tab_link.html","checksum":"9dedbe5834d648aeee2469b7459b7858"},{"path":"\/template\/web\/stores_tab_nave_text.html","checksum":"31d87e8a8a1c52b0a3fd0865c4e314f6"},{"path":"\/template\/web\/stores_tab_out.html","checksum":"a378f062895403ee1276b5bd78217505"},{"path":"\/template\/web\/stores_tab_paytype.html","checksum":"b0fc49ff8d0acea15c30891ed605185f"},{"path":"\/template\/web\/style.html","checksum":"345ee54fefc204736824f701b8b246d8"},{"path":"\/template\/web\/table_zones.html","checksum":"688372647aa644d53cf229d8c4f7ceed"},{"path":"\/template\/web\/tables.html","checksum":"6590232363426ccb62f8d2fba53a2786"},{"path":"\/template\/web\/template.html","checksum":"d52a4bbbdeca81bd71e313f9292266fd"},{"path":"\/template\/web\/tpllog.html","checksum":"80dd24b2a4358a00034ca39e7c5c8769"},{"path":"\/template\/web\/type.html","checksum":"f319fc570b899944fda5677d14c77e41"},{"path":"\/templateMessage.php","checksum":"1ad325235dcf4c0bf1c3063b749f64d5"},{"path":"\/upgrade.php","checksum":"a22e2cb0a234a55cce8054be56addf23"},{"path":"\/upload\/icon.jpg","checksum":"410cbd6a6cd3a7069d98f39c1bdf8649"},{"path":"\/wxapp.php","checksum":"c112e0cb95848da02e28bd360bd85ccf"}]